{
  "name": "I2Cdevlib-MPU9250",
  "keywords": "gyroscope, accelerometer, magentometer, sensor, i2cdevlib, i2c",
  "description": "The MPU9250 combines a 3-axis gyroscope and a 3-axis accelerometer and a 3-axis magnetometer on the same silicon die together with an onboard Digital Motion Processor(DMP) which processes complex 6-axis MotionFusion algorithms",
  "include": "Arduino/MPU9250",
  "repository":
  {
    "type": "git",
    "url": "https://github.com/jrowberg/i2cdevlib.git"
  },
  "dependencies":
  {
    "name": "I2Cdevlib-Core",
    "frameworks": "arduino"
  },
  "frameworks": "arduino",
  "platforms": "atmelavr"
}
